{"name":"0499a189-3e07-426b-88cc-9058e23a8f5f","id":"/providers/Microsoft.Flow/flows/0499a189-3e07-426b-88cc-9058e23a8f5f","type":"Microsoft.Flow/flows","properties":{"apiId":"/providers/Microsoft.PowerApps/apis/shared_logicflows","displayName":"oooo","definition":{"metadata":{"workflowEntityId":null,"processAdvisorMetadata":null,"flowChargedByPaygo":null,"flowclientsuspensionreason":"None","flowclientsuspensiontime":null,"flowclientsuspensionreasondetails":null,"creator":{"id":"a3a2301a-cc9f-49f6-abb1-4160908d33b8","type":"User","tenantId":"c73537fc-f61f-42ce-b9b7-7007458eab0c"},"provisioningMethod":"FromDefinition","failureAlertSubscription":true,"clientLastModifiedTime":"2025-05-08T22:08:27.3497489Z","connectionKeySavedTimeKey":"2025-05-08T22:08:27.3497489Z","creationSource":null,"modifiedSources":"Portal"},"$schema":"https://schema.management.azure.com/providers/Microsoft.Logic/schemas/2016-06-01/workflowdefinition.json#","contentVersion":"undefined","parameters":{"$authentication":{"defaultValue":{},"type":"SecureObject"},"$connections":{"defaultValue":{},"type":"Object"}},"triggers":{"Recurrence":{"recurrence":{"frequency":"Hour","interval":1,"timeZone":"W. Europe Standard Time","startTime":"2025-04-15T18:00:00.000Z"},"metadata":{"operationMetadataId":"9192a294-f55d-4c5b-9608-f0af27f8e500"},"type":"Recurrence"}},"actions":{"Heure_actuelle":{"runAfter":{},"metadata":{"operationMetadataId":"2672e707-9281-4edf-8b0c-d5f98fc1f5c9"},"type":"Expression","kind":"CurrentTime","inputs":{}},"Obtenir_l'heure_future":{"runAfter":{"Heure_actuelle":["Succeeded"]},"metadata":{"operationMetadataId":"fc52e49d-5d6a-4f0a-8fa6-5caa010f6a93"},"type":"Expression","kind":"GetFutureTime","inputs":{"interval":24,"timeUnit":"Hour"}},"Initialiser_la_variable_StartTime":{"runAfter":{"Obtenir_l'heure_future":["Succeeded"]},"metadata":{"operationMetadataId":"cb295e06-c2e4-4ed2-a6cc-82f21cab5672"},"type":"InitializeVariable","inputs":{"variables":[{"name":"StartTime","type":"string","value":"@getFutureTime(1,'year')"}]}},"Initialiser_la_variable_EndTime":{"runAfter":{"Initialiser_la_variable_StartTime":["Succeeded"]},"metadata":{"operationMetadataId":"575f6c5a-f966-48f5-b64a-66fffb97d753"},"type":"InitializeVariable","inputs":{"variables":[{"name":"EndTime","type":"string","value":"@getPastTime(1, 'year')"}]}},"Obtenir_une_vue_Calendrier_des_événements_(V3)":{"runAfter":{"Initialiser_la_variable_EndTime":["Succeeded"]},"metadata":{"operationMetadataId":"30091a1a-f4c8-4363-834b-00b7b3c3b666"},"type":"OpenApiConnection","inputs":{"parameters":{"calendarId":"AAMkADhmYzdkY2FiLWZmMzktNDczMy05NWYyLTg1M2E2M2Y2NDBiMwBGAAAAAAD-aY4pAm3CS5YYqeAMHY6mBwA95EEmQe4-RZZdCzzeu9ymAAAAAAEGAAA95EEmQe4-RZZdCzzeu9ymAAAAAHygAAA=","startDateTimeUtc":"@body('Heure_actuelle')","endDateTimeUtc":"@body('Obtenir_l''heure_future')","search":"ooo"},"host":{"apiId":"/providers/Microsoft.PowerApps/apis/shared_office365","connectionName":"shared_office365","operationId":"GetEventsCalendarViewV3"},"authentication":"@parameters('$authentication')"}},"Appliquer_à_chacun":{"foreach":"@outputs('Obtenir_une_vue_Calendrier_des_événements_(V3)')?['body/value']","actions":{"Condition__(Show_as_Out_of_Office)":{"actions":{"Condition_(Maximize_endTime)":{"actions":{"Définir_une_variable_(Set_endTime_with_End_time)":{"metadata":{"operationMetadataId":"6056a535-e783-4c2e-b40f-72b147d892b3"},"type":"SetVariable","inputs":{"name":"EndTime","value":"@items('Appliquer_à_chacun')?['end']"}}},"runAfter":{"Condition_(Minimize_startTime)":["Succeeded"]},"else":{"actions":{}},"expression":{"and":[{"greater":["@items('Appliquer_à_chacun')?['end']","@variables('EndTime')"]}]},"metadata":{"operationMetadataId":"9f4c9c24-8752-4407-92e0-81e5bf43a0ac"},"type":"If"},"Condition_(Minimize_startTime)":{"actions":{"Définir_une_variable_(Set_startTime_with_Start_time)":{"metadata":{"operationMetadataId":"3788a80a-aba3-42ab-a6e3-8d3cf29aae09"},"type":"SetVariable","inputs":{"name":"StartTime","value":"@items('Appliquer_à_chacun')?['start']"}}},"else":{"actions":{}},"expression":{"and":[{"less":["@items('Appliquer_à_chacun')?['start']","@variables('StartTime')"]}]},"metadata":{"operationMetadataId":"a4ba4ad8-55dc-426e-b6dd-a7d2f5a4efc7"},"type":"If"}},"else":{"actions":{}},"expression":{"equals":["@items('Appliquer_à_chacun')?['showAs']","oof"]},"metadata":{"operationMetadataId":"bb752976-391c-4d3d-bc31-41c852fc9a36"},"type":"If"}},"runAfter":{"Obtenir_une_vue_Calendrier_des_événements_(V3)":["Succeeded"]},"metadata":{"operationMetadataId":"7a8a76d0-bd75-4d00-85fa-52fa1006a958"},"type":"Foreach"},"Condition_(Enable_Automatic_Replies)":{"actions":{"Configurer_des_réponses_automatiques_(V2)_(Schedule_Automatic_Replies)":{"metadata":{"operationMetadataId":"8b9e6ec1-3f48-4a3b-a1b9-d11f4f3f0c5f"},"type":"OpenApiConnection","inputs":{"parameters":{"body/automaticRepliesSetting/status":"Scheduled","body/automaticRepliesSetting/externalAudience":"all","body/automaticRepliesSetting/scheduledStartDateTime/dateTime":"@variables('NewStartTime')","body/automaticRepliesSetting/scheduledEndDateTime/dateTime":"@variables('NewEndTime')","body/automaticRepliesSetting/internalReplyMessage":"<!DOCTYPE html>\n<html>\n<head>\n    <meta charset=\"UTF-8\">\n    <title>Temporary Absence</title>\n</head>\n<body>\n    <p>Hello,</p>\n    <p>I am out of the office until <strong>@{convertTimeZone(variables('NewEndTime'),'UTC','W. Europe Standard Time','dddd d MMMM yyyy')}</strong> and will not be able to respond during this period.</p>\n    <p>Best regards,</p>\n</body>\n</html>","body/automaticRepliesSetting/externalReplyMessage":"<!DOCTYPE html>\n<html>\n<head>\n    <meta charset=\"UTF-8\">\n    <title>Out of Office Notification</title>\n</head>\n<body>\n    <p>Dear Sender,</p>\n    <p>Thank you for reaching out. I am currently out of the office and expect to return on <strong>@{convertTimeZone(variables('NewEndTime'),'UTC','W. Europe Standard Time','dddd d MMMM yyyy')}</strong>. Please note that your message will not be forwarded during my absence.</p>\n    <p>Kind regards,</p>\n</body>\n</html>"},"host":{"apiId":"/providers/Microsoft.PowerApps/apis/shared_office365","connectionName":"shared_office365","operationId":"SetAutomaticRepliesSetting_V2"},"authentication":"@parameters('$authentication')"}}},"runAfter":{"For_each":["Succeeded"]},"else":{"actions":{"Configurer_des_réponses_automatiques_(V2)_(Disable_Automatic_Replies)":{"metadata":{"operationMetadataId":"ad183cd9-93c8-4eca-8cda-3201ecf13807"},"type":"OpenApiConnection","inputs":{"parameters":{"body/automaticRepliesSetting/status":"disabled","body/automaticRepliesSetting/externalAudience":"None"},"host":{"apiId":"/providers/Microsoft.PowerApps/apis/shared_office365","connectionName":"shared_office365","operationId":"SetAutomaticRepliesSetting_V2"},"authentication":"@parameters('$authentication')"}}}},"expression":{"and":[{"less":["@variables('StartTime')","@variables('EndTime')"]}]},"metadata":{"operationMetadataId":"3d2deffa-26be-40ac-9372-4e0c0cf8a782"},"type":"If"},"For_each":{"foreach":"@outputs('Obtenir_une_vue_Calendrier_des_événements_(V3)')?['body/value']","actions":{"Condition_(End_on_friday)":{"actions":{"Définir_une_variable":{"type":"SetVariable","inputs":{"name":"NewEndTime","value":"@addDays(variables('EndTime'),2)"}}},"else":{"actions":{"Définir_une_variable_(NewEndTime)":{"type":"SetVariable","inputs":{"name":"NewEndTime","value":"@variables('EndTime')"}}}},"expression":{"and":[{"contains":["@convertTimeZone(variables('EndTime'),'UTC','W. Europe Standard Time','dddd d MMMM yyyy')","Saturday"]}]},"type":"If"}},"runAfter":{"Initialiser_la_variable_(NewEndTime)":["Succeeded"]},"type":"Foreach"},"Initialiser_la_variable_(NewEndTime)":{"runAfter":{"Initialiser_la_variable_(NewStartTime)":["Succeeded"]},"type":"InitializeVariable","inputs":{"variables":[{"name":"NewEndTime","type":"string","value":"@convertTimeZone(variables('EndTime'),'UTC','W. Europe Standard Time','dddd d MMMM yyyy')"}]}},"Initialiser_la_variable_(NewStartTime)":{"runAfter":{"Appliquer_à_chacun":["Succeeded"]},"type":"InitializeVariable","inputs":{"variables":[{"name":"NewStartTime","type":"string","value":"@addHours(addDays(variables('StartTime'),-1),16)"}]}}}},"connectionReferences":{"shared_office365":{"connectionName":"shared-office365-4e7646f8-9cdb-42b6-80a8-0964bc081119","source":"Embedded","id":"/providers/Microsoft.PowerApps/apis/shared_office365","tier":"NotSpecified","apiName":"office365"}},"flowFailureAlertSubscribed":false,"isManaged":false}}